{
    "accuracy": 0.66525,
    "precision": 0.5968147527242247,
    "recall": 0.4535031847133758,
    "f1_score": 0.5153818313427434,
    "roc_auc": 0.62778039894105,
    "confusion_matrix": [
        [
            9745,
            2405
        ],
        [
            4290,
            3560
        ]
    ]
}